"best_model","n_train_total","n_train_used","n_valid_total","n_valid_clean","rmse_loocv_train","mae_loocv_train","rmse_validation","mae_validation","gap_rmse"
<<<<<<< HEAD
"ALT5",10263,10263,4501,4499,0.528738967279736,0.379149944095927,0.560148489208155,0.394879135071814,-0.0314095219284191
=======
"ALT5",10263,10263,4501,4499,0.528738967279915,0.379149947803365,0.560148489208147,0.394879135071806,-0.0314095219282317
>>>>>>> 86b4ccc8200a2e21eafbc2dab883a3874900b968
